adj_amb,cond_group,item,verb_bias,explanation,pronoun,pronoun_type,new_sent,question_answers,Ferstl_verb_eng,Ferstl_sem_cat,Ferstl_eng_verb_length,Ferstl_eng_verb_freq,Ferstl_val,Ferstl_IVC,adj,german_adj_freq,german_adj_length,verb,german_verb_freq,german_verb_length,Susanne_avgRating_Score,story,question,left,right,left_pronoun,right_pronoun,correct,q_type,Intended referent,intended_answer_text,intended_answer_side,intended_answer_key,correct_response,type1_ambiguous,real_NP1_gender,real_NP2_gender,generated_version,Causality
nonamb,1,1,NP1,NP1-Causality,er,er,"David belästigte Linda, weil er am frühen Morgen rücksichtslos war und die Musik aufdrehte.",Wann war er rücksichtslos? (am frühen Morgen / im frühen Morgengrauen),agitated,StimExp,8.0,25.0,-1.36,85,unüberhörbar,0.94,12.0,belästigte,0.11,8.0,68.75,"David belästigte Linda,
weil_er am frühen Morgen rücksichtslos_war und die_Musik aufdrehte.",Wann war er rücksichtslos?,am frühen Morgen,im frühen Morgengrauen,,,F,5,NP1,am frühen Morgen,left,F,F,False,male,female,original,NP1-Causality
nonamb,2,1,NP1,NP1-Causality,er,amb,"David belästigte Frank, weil er am frühen Morgen rücksichtslos war und die Musik aufdrehte.",Wann war er rücksichtslos? (am frühen Morgen / im frühen Morgengrauen),agitated,StimExp,8.0,25.0,-1.36,85,unüberhörbar,0.94,12.0,belästigte,0.11,8.0,68.75,"David belästigte Frank,
weil_er am frühen Morgen rücksichtslos_war und die_Musik aufdrehte.",Wann war er rücksichtslos?,am frühen Morgen,im frühen Morgengrauen,,,F,5,NP1,am frühen Morgen,left,F,F,False,male,male,both_male,NP1-Causality
nonamb,3,1,NP1,NP1-Causality,sie,amb,"Sabine belästigte Linda, weil sie am frühen Morgen rücksichtslos war und die Musik aufdrehte.",Wann war sie rücksichtslos? (am frühen Morgen / im frühen Morgengrauen),agitated,StimExp,8.0,25.0,-1.36,85,unüberhörbar,0.94,12.0,belästigte,0.11,8.0,68.75,"Sabine belästigte Linda,
weil_sie am frühen Morgen rücksichtslos_war und die_Musik aufdrehte.",Wann war sie rücksichtslos?,am frühen Morgen,im frühen Morgengrauen,,,F,5,NP1,am frühen Morgen,left,F,F,False,female,female,both_female,NP1-Causality
nonamb,4,1,NP1,NP1-Causality,sie,sie,"Sabine belästigte Frank, weil sie am frühen Morgen rücksichtslos war und die Musik aufdrehte.",Wann war sie rücksichtslos? (am frühen Morgen / im frühen Morgengrauen),agitated,StimExp,8.0,25.0,-1.36,85,unüberhörbar,0.94,12.0,belästigte,0.11,8.0,68.75,"Sabine belästigte Frank,
weil_sie am frühen Morgen rücksichtslos_war und die_Musik aufdrehte.",Wann war sie rücksichtslos?,am frühen Morgen,im frühen Morgengrauen,,,F,5,NP1,am frühen Morgen,left,F,F,False,female,male,swapped,NP1-Causality
nonamb,5,1,NP1,NP2-Causality,sie,sie,"David belästigte Linda, weil sie am frühen Morgen übermüdet war und keine Ruhe fand.",Wann war sie übermüdet? (am frühen Morgen / im frühen Morgengrauen),agitated,StimExp,8.0,25.0,-1.36,85,gereizt,3.14,7.0,belästigte,0.11,8.0,68.75,"David belästigte Linda,
weil_sie am frühen Morgen übermüdet_war und keine_Ruhe fand.",Wann war sie übermüdet?,am frühen Morgen,im frühen Morgengrauen,,,F,5,NP2,am frühen Morgen,left,F,F,False,male,female,original,NP2-Causality
nonamb,6,1,NP1,NP2-Causality,er,amb,"David belästigte Frank, weil er am frühen Morgen übermüdet war und keine Ruhe fand.",Wann war er übermüdet? (am frühen Morgen / im frühen Morgengrauen),agitated,StimExp,8.0,25.0,-1.36,85,gereizt,3.14,7.0,belästigte,0.11,8.0,68.75,"David belästigte Frank,
weil_er am frühen Morgen übermüdet_war und keine_Ruhe fand.",Wann war er übermüdet?,am frühen Morgen,im frühen Morgengrauen,,,F,5,NP2,am frühen Morgen,left,F,F,False,male,male,both_male,NP2-Causality
nonamb,7,1,NP1,NP2-Causality,sie,amb,"Sabine belästigte Linda, weil sie am frühen Morgen übermüdet war und keine Ruhe fand.",Wann war sie übermüdet? (am frühen Morgen / im frühen Morgengrauen),agitated,StimExp,8.0,25.0,-1.36,85,gereizt,3.14,7.0,belästigte,0.11,8.0,68.75,"Sabine belästigte Linda,
weil_sie am frühen Morgen übermüdet_war und keine_Ruhe fand.",Wann war sie übermüdet?,am frühen Morgen,im frühen Morgengrauen,,,F,5,NP2,am frühen Morgen,left,F,F,False,female,female,both_female,NP2-Causality
nonamb,8,1,NP1,NP2-Causality,er,er,"Sabine belästigte Frank, weil er am frühen Morgen übermüdet war und keine Ruhe fand.",Wann war er übermüdet? (am frühen Morgen / im frühen Morgengrauen),agitated,StimExp,8.0,25.0,-1.36,85,gereizt,3.14,7.0,belästigte,0.11,8.0,68.75,"Sabine belästigte Frank,
weil_er am frühen Morgen übermüdet_war und keine_Ruhe fand.",Wann war er übermüdet?,am frühen Morgen,im frühen Morgengrauen,,,F,5,NP2,am frühen Morgen,left,F,F,False,female,male,swapped,NP2-Causality
nonamb,1,2,NP1,NP1-Causality,er,er,"Peter störte Katharina, weil er am späten Nachmittag laut war und das Meeting unterbrach.",Wer störte Katharina? (Peter / David),annoyed,StimExp,7.0,268.0,-2.0,79,aggressiv,19.09,9.0,störte,2.33,6.0,87.5,"Peter störte Katharina,
weil_er am späten Nachmittag laut_war und das_Meeting unterbrach.",Wer störte Katharina?,Peter,David,er,er,F,2,NP1,Peter,left,F,F,False,male,female,original,NP1-Causality
nonamb,2,2,NP1,NP1-Causality,er,amb,"Peter störte Sebastian, weil er am späten Nachmittag laut war und das Meeting unterbrach.",Wer störte Sebastian? (Peter / Hans),annoyed,StimExp,7.0,268.0,-2.0,79,aggressiv,19.09,9.0,störte,2.33,6.0,87.5,"Peter störte Sebastian,
weil_er am späten Nachmittag laut_war und das_Meeting unterbrach.",Wer störte Sebastian?,Peter,Hans,er,er,F,2,NP1,Peter,left,F,F,False,male,male,both_male,NP1-Causality
nonamb,3,2,NP1,NP1-Causality,sie,amb,"Eva störte Katharina, weil sie am späten Nachmittag laut war und das Meeting unterbrach.",Wer störte Katharina? (Eva / Birgit),annoyed,StimExp,7.0,268.0,-2.0,79,aggressiv,19.09,9.0,störte,2.33,6.0,87.5,"Eva störte Katharina,
weil_sie am späten Nachmittag laut_war und das_Meeting unterbrach.",Wer störte Katharina?,Eva,Birgit,sie,sie,F,2,NP1,Eva,left,F,F,False,female,female,both_female,NP1-Causality
nonamb,4,2,NP1,NP1-Causality,sie,sie,"Eva störte Sebastian, weil sie am späten Nachmittag laut war und das Meeting unterbrach.",Wer störte Sebastian? (Eva / Laura),annoyed,StimExp,7.0,268.0,-2.0,79,aggressiv,19.09,9.0,störte,2.33,6.0,87.5,"Eva störte Sebastian,
weil_sie am späten Nachmittag laut_war und das_Meeting unterbrach.",Wer störte Sebastian?,Eva,Laura,sie,sie,F,2,NP1,Eva,left,F,F,False,female,male,swapped,NP1-Causality
nonamb,5,2,NP1,NP2-Causality,sie,sie,"Peter störte Katharina, weil sie am späten Nachmittag gestresst war und die Nerven verlor.",Wer störte Katharina? (Peter / Frank),annoyed,StimExp,7.0,268.0,-2.0,79,erschöpft,10.12,9.0,störte,2.33,6.0,87.5,"Peter störte Katharina,
weil_sie am späten Nachmittag gestresst_war und die_Nerven verlor.",Wer störte Katharina?,Peter,Frank,er,er,F,2,NP2,Peter,left,F,F,False,male,female,original,NP2-Causality
nonamb,6,2,NP1,NP2-Causality,er,amb,"Peter störte Sebastian, weil er am späten Nachmittag gestresst war und die Nerven verlor.",Wer störte Sebastian? (Peter / Frank),annoyed,StimExp,7.0,268.0,-2.0,79,erschöpft,10.12,9.0,störte,2.33,6.0,87.5,"Peter störte Sebastian,
weil_er am späten Nachmittag gestresst_war und die_Nerven verlor.",Wer störte Sebastian?,Peter,Frank,er,er,F,2,NP2,Peter,left,F,F,False,male,male,both_male,NP2-Causality
nonamb,7,2,NP1,NP2-Causality,sie,amb,"Eva störte Katharina, weil sie am späten Nachmittag gestresst war und die Nerven verlor.",Wer störte Katharina? (Eva / Barbara),annoyed,StimExp,7.0,268.0,-2.0,79,erschöpft,10.12,9.0,störte,2.33,6.0,87.5,"Eva störte Katharina,
weil_sie am späten Nachmittag gestresst_war und die_Nerven verlor.",Wer störte Katharina?,Eva,Barbara,sie,sie,F,2,NP2,Eva,left,F,F,False,female,female,both_female,NP2-Causality
nonamb,8,2,NP1,NP2-Causality,er,er,"Eva störte Sebastian, weil er am späten Nachmittag gestresst war und die Nerven verlor.",Wer störte Sebastian? (Eva / Lena),annoyed,StimExp,7.0,268.0,-2.0,79,erschöpft,10.12,9.0,störte,2.33,6.0,87.5,"Eva störte Sebastian,
weil_er am späten Nachmittag gestresst_war und die_Nerven verlor.",Wer störte Sebastian?,Eva,Lena,sie,sie,F,2,NP2,Eva,left,F,F,False,female,male,swapped,NP2-Causality
nonamb,1,3,NP1,NP1-Causality,er,er,"Michael ärgerte Barbara, weil er um die Mittagszeit frech war und einen Witz machte.",Wen ärgerte Michael? (Barbara / Monika),angered,StimExp,7.0,11.0,-2.46,85,unüberhörbar,0.94,12.0,ärgerte,1.41,7.0,56.25,"Michael ärgerte Barbara,
weil_er um die Mittagszeit frech_war und einen_Witz machte.",Wen ärgerte Michael?,Barbara,Monika,sie,sie,F,3,NP1,Barbara,left,F,F,False,male,female,original,NP1-Causality
nonamb,2,3,NP1,NP1-Causality,er,amb,"Michael ärgerte Stefan, weil er um die Mittagszeit frech war und einen Witz machte.",Wen ärgerte Michael? (Stefan / Daniel),angered,StimExp,7.0,11.0,-2.46,85,unüberhörbar,0.94,12.0,ärgerte,1.41,7.0,56.25,"Michael ärgerte Stefan,
weil_er um die Mittagszeit frech_war und einen_Witz machte.",Wen ärgerte Michael?,Stefan,Daniel,er,er,F,3,NP1,Stefan,left,F,F,False,male,male,both_male,NP1-Causality
nonamb,3,3,NP1,NP1-Causality,sie,amb,"Nina ärgerte Barbara, weil sie um die Mittagszeit frech war und einen Witz machte.",Wen ärgerte Nina? (Barbara / Birgit),angered,StimExp,7.0,11.0,-2.46,85,unüberhörbar,0.94,12.0,ärgerte,1.41,7.0,56.25,"Nina ärgerte Barbara,
weil_sie um die Mittagszeit frech_war und einen_Witz machte.",Wen ärgerte Nina?,Barbara,Birgit,sie,sie,F,3,NP1,Barbara,left,F,F,False,female,female,both_female,NP1-Causality
nonamb,4,3,NP1,NP1-Causality,sie,sie,"Nina ärgerte Stefan, weil sie um die Mittagszeit frech war und einen Witz machte.",Wen ärgerte Nina? (Stefan / Marco),angered,StimExp,7.0,11.0,-2.46,85,unüberhörbar,0.94,12.0,ärgerte,1.41,7.0,56.25,"Nina ärgerte Stefan,
weil_sie um die Mittagszeit frech_war und einen_Witz machte.",Wen ärgerte Nina?,Stefan,Marco,er,er,F,3,NP1,Stefan,left,F,F,False,female,male,swapped,NP1-Causality
nonamb,5,3,NP1,NP2-Causality,sie,sie,"Michael ärgerte Barbara, weil sie um die Mittagszeit gereizt war und das Gespräch verweigerte.",Wen ärgerte Michael? (Barbara / Lisa),angered,StimExp,7.0,11.0,-2.46,85,überdrüssig,0.92,11.0,ärgerte,1.41,7.0,56.25,"Michael ärgerte Barbara,
weil_sie um die Mittagszeit gereizt_war und das_Gespräch verweigerte.",Wen ärgerte Michael?,Barbara,Lisa,sie,sie,F,3,NP2,Barbara,left,F,F,False,male,female,original,NP2-Causality
nonamb,6,3,NP1,NP2-Causality,er,amb,"Michael ärgerte Stefan, weil er um die Mittagszeit gereizt war und das Gespräch verweigerte.",Wen ärgerte Michael? (Stefan / Jürgen),angered,StimExp,7.0,11.0,-2.46,85,überdrüssig,0.92,11.0,ärgerte,1.41,7.0,56.25,"Michael ärgerte Stefan,
weil_er um die Mittagszeit gereizt_war und das_Gespräch verweigerte.",Wen ärgerte Michael?,Stefan,Jürgen,er,er,F,3,NP2,Stefan,left,F,F,False,male,male,both_male,NP2-Causality
nonamb,7,3,NP1,NP2-Causality,sie,amb,"Nina ärgerte Barbara, weil sie um die Mittagszeit gereizt war und das Gespräch verweigerte.",Wen ärgerte Nina? (Barbara / Anna),angered,StimExp,7.0,11.0,-2.46,85,überdrüssig,0.92,11.0,ärgerte,1.41,7.0,56.25,"Nina ärgerte Barbara,
weil_sie um die Mittagszeit gereizt_war und das_Gespräch verweigerte.",Wen ärgerte Nina?,Barbara,Anna,sie,sie,F,3,NP2,Barbara,left,F,F,False,female,female,both_female,NP2-Causality
nonamb,8,3,NP1,NP2-Causality,er,er,"Nina ärgerte Stefan, weil er um die Mittagszeit gereizt war und das Gespräch verweigerte.",Wen ärgerte Nina? (Stefan / Tobias),angered,StimExp,7.0,11.0,-2.46,85,überdrüssig,0.92,11.0,ärgerte,1.41,7.0,56.25,"Nina ärgerte Stefan,
weil_er um die Mittagszeit gereizt_war und das_Gespräch verweigerte.",Wen ärgerte Nina?,Stefan,Tobias,er,er,F,3,NP2,Stefan,left,F,F,False,female,male,swapped,NP2-Causality
nonamb,1,4,NP1,NP1-Causality,er,er,"Martin verärgerte Birgit, weil er am frühen Abend aufdringlich war und die Grenze überschritt.",Was überschritt er? (die Grenze / einen Schrei),antagonized,StimExp,11.0,1.0,-1.36,80,aufdringlich,3.73,12.0,verärgerte,0.37,10.0,56.25,"Martin verärgerte Birgit,
weil_er am frühen Abend aufdringlich_war und die_Grenze überschritt.",Was überschritt er?,die Grenze,einen Schrei,,,F,6,NP1,die Grenze,left,F,F,False,male,female,original,NP1-Causality
nonamb,2,4,NP1,NP1-Causality,er,amb,"Martin verärgerte Tobias, weil er am frühen Abend aufdringlich war und die Grenze überschritt.",Was überschritt er? (die Grenze / einen Schrei),antagonized,StimExp,11.0,1.0,-1.36,80,aufdringlich,3.73,12.0,verärgerte,0.37,10.0,56.25,"Martin verärgerte Tobias,
weil_er am frühen Abend aufdringlich_war und die_Grenze überschritt.",Was überschritt er?,die Grenze,einen Schrei,,,F,6,NP1,die Grenze,left,F,F,False,male,male,both_male,NP1-Causality
nonamb,3,4,NP1,NP1-Causality,sie,amb,"Renate verärgerte Birgit, weil sie am frühen Abend aufdringlich war und die Grenze überschritt.",Was überschritt sie? (die Grenze / einen Schrei),antagonized,StimExp,11.0,1.0,-1.36,80,aufdringlich,3.73,12.0,verärgerte,0.37,10.0,56.25,"Renate verärgerte Birgit,
weil_sie am frühen Abend aufdringlich_war und die_Grenze überschritt.",Was überschritt sie?,die Grenze,einen Schrei,,,F,6,NP1,die Grenze,left,F,F,False,female,female,both_female,NP1-Causality
nonamb,4,4,NP1,NP1-Causality,sie,sie,"Renate verärgerte Tobias, weil sie am frühen Abend aufdringlich war und die Grenze überschritt.",Was überschritt sie? (die Grenze / einen Schrei),antagonized,StimExp,11.0,1.0,-1.36,80,aufdringlich,3.73,12.0,verärgerte,0.37,10.0,56.25,"Renate verärgerte Tobias,
weil_sie am frühen Abend aufdringlich_war und die_Grenze überschritt.",Was überschritt sie?,die Grenze,einen Schrei,,,F,6,NP1,die Grenze,left,F,F,False,female,male,swapped,NP1-Causality
nonamb,5,4,NP1,NP2-Causality,sie,sie,"Martin verärgerte Birgit, weil sie am frühen Abend sensibel war und jedes Wort ernst nahm.",Was nahm sie? (jedes Wort ernst / einen Schrei),antagonized,StimExp,11.0,1.0,-1.36,80,sensibel,13.76,8.0,verärgerte,0.37,10.0,56.25,"Martin verärgerte Birgit,
weil_sie am frühen Abend sensibel_war und jedes_Wort_ernst nahm.",Was nahm sie?,jedes Wort ernst,einen Schrei,,,F,6,NP2,jedes Wort ernst,left,F,F,False,male,female,original,NP2-Causality
nonamb,6,4,NP1,NP2-Causality,er,amb,"Martin verärgerte Tobias, weil er am frühen Abend sensibel war und jedes Wort ernst nahm.",Was nahm er? (jedes Wort ernst / einen Schrei),antagonized,StimExp,11.0,1.0,-1.36,80,sensibel,13.76,8.0,verärgerte,0.37,10.0,56.25,"Martin verärgerte Tobias,
weil_er am frühen Abend sensibel_war und jedes_Wort_ernst nahm.",Was nahm er?,jedes Wort ernst,einen Schrei,,,F,6,NP2,jedes Wort ernst,left,F,F,False,male,male,both_male,NP2-Causality
nonamb,7,4,NP1,NP2-Causality,sie,amb,"Renate verärgerte Birgit, weil sie am frühen Abend sensibel war und jedes Wort ernst nahm.",Was nahm sie? (jedes Wort ernst / einen Schrei),antagonized,StimExp,11.0,1.0,-1.36,80,sensibel,13.76,8.0,verärgerte,0.37,10.0,56.25,"Renate verärgerte Birgit,
weil_sie am frühen Abend sensibel_war und jedes_Wort_ernst nahm.",Was nahm sie?,jedes Wort ernst,einen Schrei,,,F,6,NP2,jedes Wort ernst,left,F,F,False,female,female,both_female,NP2-Causality
nonamb,8,4,NP1,NP2-Causality,er,er,"Renate verärgerte Tobias, weil er am frühen Abend sensibel war und jedes Wort ernst nahm.",Was nahm er? (jedes Wort ernst / einen Schrei),antagonized,StimExp,11.0,1.0,-1.36,80,sensibel,13.76,8.0,verärgerte,0.37,10.0,56.25,"Renate verärgerte Tobias,
weil_er am frühen Abend sensibel_war und jedes_Wort_ernst nahm.",Was nahm er?,jedes Wort ernst,einen Schrei,,,F,6,NP2,jedes Wort ernst,left,F,F,False,female,male,swapped,NP2-Causality
nonamb,1,5,NP2,NP1-Causality,er,er,"Paul bewunderte Petra, weil er von Anfang an beeindruckt war und das Talent lobte.",Was lobte er? (das Talent / die Regeln),admired,ExpStim,7.0,74.0,2.0,-92,überzeugt,41.42,9.0,bewunderte,1.17,10.0,50.0,"Paul bewunderte Petra,
weil_er von Anfang an beeindruckt_war und das_Talent lobte.",Was lobte er?,das Talent,die Regeln,,,F,6,NP1,das Talent,left,F,F,False,male,female,original,NP1-Causality
nonamb,2,5,NP2,NP1-Causality,er,amb,"Paul bewunderte Florian, weil er von Anfang an beeindruckt war und das Talent lobte.",Was lobte er? (das Talent / die Regeln),admired,ExpStim,7.0,74.0,2.0,-92,überzeugt,41.42,9.0,bewunderte,1.17,10.0,50.0,"Paul bewunderte Florian,
weil_er von Anfang an beeindruckt_war und das_Talent lobte.",Was lobte er?,das Talent,die Regeln,,,F,6,NP1,das Talent,left,F,F,False,male,male,both_male,NP1-Causality
nonamb,3,5,NP2,NP1-Causality,sie,amb,"Maria bewunderte Petra, weil sie von Anfang an beeindruckt war und das Talent lobte.",Was lobte sie? (das Talent / die Regeln),admired,ExpStim,7.0,74.0,2.0,-92,überzeugt,41.42,9.0,bewunderte,1.17,10.0,50.0,"Maria bewunderte Petra,
weil_sie von Anfang an beeindruckt_war und das_Talent lobte.",Was lobte sie?,das Talent,die Regeln,,,F,6,NP1,das Talent,left,F,F,False,female,female,both_female,NP1-Causality
nonamb,4,5,NP2,NP1-Causality,sie,sie,"Maria bewunderte Florian, weil sie von Anfang an beeindruckt war und das Talent lobte.",Was lobte sie? (das Talent / die Regeln),admired,ExpStim,7.0,74.0,2.0,-92,überzeugt,41.42,9.0,bewunderte,1.17,10.0,50.0,"Maria bewunderte Florian,
weil_sie von Anfang an beeindruckt_war und das_Talent lobte.",Was lobte sie?,das Talent,die Regeln,,,F,6,NP1,das Talent,left,F,F,False,female,male,swapped,NP1-Causality
nonamb,5,5,NP2,NP2-Causality,sie,sie,"Paul bewunderte Petra, weil sie von Anfang an talentiert war und die Preise gewann.",Was gewann sie? (die Preise / die Regeln),admired,ExpStim,7.0,74.0,2.0,-92,talentiert,2.73,10.0,bewunderte,1.17,10.0,50.0,"Paul bewunderte Petra,
weil_sie von Anfang an talentiert_war und die_Preise gewann.",Was gewann sie?,die Preise,die Regeln,,,F,6,NP2,die Preise,left,F,F,False,male,female,original,NP2-Causality
nonamb,6,5,NP2,NP2-Causality,er,amb,"Paul bewunderte Florian, weil er von Anfang an talentiert war und die Preise gewann.",Was gewann er? (die Preise / die Regeln),admired,ExpStim,7.0,74.0,2.0,-92,talentiert,2.73,10.0,bewunderte,1.17,10.0,50.0,"Paul bewunderte Florian,
weil_er von Anfang an talentiert_war und die_Preise gewann.",Was gewann er?,die Preise,die Regeln,,,F,6,NP2,die Preise,left,F,F,False,male,male,both_male,NP2-Causality
nonamb,7,5,NP2,NP2-Causality,sie,amb,"Maria bewunderte Petra, weil sie von Anfang an talentiert war und die Preise gewann.",Was gewann sie? (die Preise / die Regeln),admired,ExpStim,7.0,74.0,2.0,-92,talentiert,2.73,10.0,bewunderte,1.17,10.0,50.0,"Maria bewunderte Petra,
weil_sie von Anfang an talentiert_war und die_Preise gewann.",Was gewann sie?,die Preise,die Regeln,,,F,6,NP2,die Preise,left,F,F,False,female,female,both_female,NP2-Causality
nonamb,8,5,NP2,NP2-Causality,er,er,"Maria bewunderte Florian, weil er von Anfang an talentiert war und die Preise gewann.",Was gewann er? (die Preise / die Regeln),admired,ExpStim,7.0,74.0,2.0,-92,talentiert,2.73,10.0,bewunderte,1.17,10.0,50.0,"Maria bewunderte Florian,
weil_er von Anfang an talentiert_war und die_Preise gewann.",Was gewann er?,die Preise,die Regeln,,,F,6,NP2,die Preise,left,F,F,False,female,male,swapped,NP2-Causality
nonamb,1,6,NP2,NP1-Causality,er,er,"Daniel beklatschte Jana, weil er während der Vorstellung begeistert war und die Show liebte.",Was tat Daniel? (beklatschte Jana / interessierte Claudia),applauded,AgEvo,9.0,12.0,1.82,-84,begeistert,34.48,10.0,beklatschte,0.03,11.0,37.5,"Daniel beklatschte Jana,
weil_er während der Vorstellung begeistert_war und die_Show liebte.",Was tat Daniel?,beklatschte Jana,interessierte Claudia,,,F,4,NP1,beklatschte Jana,left,F,F,False,male,female,original,NP1-Causality
nonamb,2,6,NP2,NP1-Causality,er,amb,"Daniel beklatschte Karl, weil er während der Vorstellung begeistert war und die Show liebte.",Was tat Daniel? (beklatschte Karl / benachrichtigte Tobias),applauded,AgEvo,9.0,12.0,1.82,-84,begeistert,34.48,10.0,beklatschte,0.03,11.0,37.5,"Daniel beklatschte Karl,
weil_er während der Vorstellung begeistert_war und die_Show liebte.",Was tat Daniel?,beklatschte Karl,benachrichtigte Tobias,,,F,4,NP1,beklatschte Karl,left,F,F,False,male,male,both_male,NP1-Causality
nonamb,3,6,NP2,NP1-Causality,sie,amb,"Martina beklatschte Jana, weil sie während der Vorstellung begeistert war und die Show liebte.",Was tat Martina? (beklatschte Jana / belog Peter),applauded,AgEvo,9.0,12.0,1.82,-84,begeistert,34.48,10.0,beklatschte,0.03,11.0,37.5,"Martina beklatschte Jana,
weil_sie während der Vorstellung begeistert_war und die_Show liebte.",Was tat Martina?,beklatschte Jana,belog Peter,,,F,4,NP1,beklatschte Jana,left,F,F,False,female,female,both_female,NP1-Causality
nonamb,4,6,NP2,NP1-Causality,sie,sie,"Martina beklatschte Karl, weil sie während der Vorstellung begeistert war und die Show liebte.",Was tat Martina? (beklatschte Karl / hasste Peter),applauded,AgEvo,9.0,12.0,1.82,-84,begeistert,34.48,10.0,beklatschte,0.03,11.0,37.5,"Martina beklatschte Karl,
weil_sie während der Vorstellung begeistert_war und die_Show liebte.",Was tat Martina?,beklatschte Karl,hasste Peter,,,F,4,NP1,beklatschte Karl,left,F,F,False,female,male,swapped,NP1-Causality
nonamb,5,6,NP2,NP2-Causality,sie,sie,"Daniel beklatschte Jana, weil sie während der Vorstellung großartig war und den Applaus erhielt.",Was tat Daniel? (beklatschte Jana / schätzte Andreas),applauded,AgEvo,9.0,12.0,1.82,-84,großartig,19.01,10.0,beklatschte,0.03,11.0,37.5,"Daniel beklatschte Jana,
weil_sie während der Vorstellung großartig_war und den_Applaus erhielt.",Was tat Daniel?,beklatschte Jana,schätzte Andreas,,,F,4,NP2,beklatschte Jana,left,F,F,False,male,female,original,NP2-Causality
nonamb,6,6,NP2,NP2-Causality,er,amb,"Daniel beklatschte Karl, weil er während der Vorstellung großartig war und den Applaus erhielt.",Was tat Daniel? (beklatschte Karl / führte Lena),applauded,AgEvo,9.0,12.0,1.82,-84,großartig,19.01,10.0,beklatschte,0.03,11.0,37.5,"Daniel beklatschte Karl,
weil_er während der Vorstellung großartig_war und den_Applaus erhielt.",Was tat Daniel?,beklatschte Karl,führte Lena,,,F,4,NP2,beklatschte Karl,left,F,F,False,male,male,both_male,NP2-Causality
nonamb,7,6,NP2,NP2-Causality,sie,amb,"Martina beklatschte Jana, weil sie während der Vorstellung großartig war und den Applaus erhielt.",Was tat Martina? (beklatschte Jana / beunruhigte Stefan),applauded,AgEvo,9.0,12.0,1.82,-84,großartig,19.01,10.0,beklatschte,0.03,11.0,37.5,"Martina beklatschte Jana,
weil_sie während der Vorstellung großartig_war und den_Applaus erhielt.",Was tat Martina?,beklatschte Jana,beunruhigte Stefan,,,F,4,NP2,beklatschte Jana,left,F,F,False,female,female,both_female,NP2-Causality
nonamb,8,6,NP2,NP2-Causality,er,er,"Martina beklatschte Karl, weil er während der Vorstellung großartig war und den Applaus erhielt.",Was tat Martina? (beklatschte Karl / beunruhigte Stefan),applauded,AgEvo,9.0,12.0,1.82,-84,großartig,19.01,10.0,beklatschte,0.03,11.0,37.5,"Martina beklatschte Karl,
weil_er während der Vorstellung großartig_war und den_Applaus erhielt.",Was tat Martina?,beklatschte Karl,beunruhigte Stefan,,,F,4,NP2,beklatschte Karl,left,F,F,False,female,male,swapped,NP2-Causality
nonamb,1,7,NP2,NP1-Causality,er,er,"Johannes verehrte Julia, weil er von Anfang an beeindruckt war und den Erfolg teilte.",Wen verehrte Johannes? (Julia / Petra),adored,ExpStim,6.0,18.0,2.54,-74,schwach,51.17,7.0,verehrte,2.75,8.0,93.75,"Johannes verehrte Julia,
weil_er von Anfang an beeindruckt_war und den_Erfolg teilte.",Wen verehrte Johannes?,Julia,Petra,sie,sie,F,3,NP1,Julia,left,F,F,False,male,female,original,NP1-Causality
nonamb,2,7,NP2,NP1-Causality,er,amb,"Johannes verehrte Jürgen, weil er von Anfang an beeindruckt war und den Erfolg teilte.",Wen verehrte Johannes? (Jürgen / Frank),adored,ExpStim,6.0,18.0,2.54,-74,schwach,51.17,7.0,verehrte,2.75,8.0,93.75,"Johannes verehrte Jürgen,
weil_er von Anfang an beeindruckt_war und den_Erfolg teilte.",Wen verehrte Johannes?,Jürgen,Frank,er,er,F,3,NP1,Jürgen,left,F,F,False,male,male,both_male,NP1-Causality
nonamb,3,7,NP2,NP1-Causality,sie,amb,"Claudia verehrte Julia, weil sie von Anfang an beeindruckt war und den Erfolg teilte.",Wen verehrte Claudia? (Julia / Sarah),adored,ExpStim,6.0,18.0,2.54,-74,schwach,51.17,7.0,verehrte,2.75,8.0,93.75,"Claudia verehrte Julia,
weil_sie von Anfang an beeindruckt_war und den_Erfolg teilte.",Wen verehrte Claudia?,Julia,Sarah,sie,sie,F,3,NP1,Julia,left,F,F,False,female,female,both_female,NP1-Causality
nonamb,4,7,NP2,NP1-Causality,sie,sie,"Claudia verehrte Jürgen, weil sie von Anfang an beeindruckt war und den Erfolg teilte.",Wen verehrte Claudia? (Jürgen / David),adored,ExpStim,6.0,18.0,2.54,-74,schwach,51.17,7.0,verehrte,2.75,8.0,93.75,"Claudia verehrte Jürgen,
weil_sie von Anfang an beeindruckt_war und den_Erfolg teilte.",Wen verehrte Claudia?,Jürgen,David,er,er,F,3,NP1,Jürgen,left,F,F,False,female,male,swapped,NP1-Causality
nonamb,5,7,NP2,NP2-Causality,sie,sie,"Johannes verehrte Julia, weil sie von Anfang an beeindruckend war und die Menge begeisterte.",Wen verehrte Johannes? (Julia / Jana),adored,ExpStim,6.0,18.0,2.54,-74,mächtig,34.16,7.0,verehrte,2.75,8.0,93.75,"Johannes verehrte Julia,
weil_sie von Anfang an beeindruckend_war und die_Menge begeisterte.",Wen verehrte Johannes?,Julia,Jana,sie,sie,F,3,NP2,Julia,left,F,F,False,male,female,original,NP2-Causality
nonamb,6,7,NP2,NP2-Causality,er,amb,"Johannes verehrte Jürgen, weil er von Anfang an beeindruckend war und die Menge begeisterte.",Wen verehrte Johannes? (Jürgen / David),adored,ExpStim,6.0,18.0,2.54,-74,mächtig,34.16,7.0,verehrte,2.75,8.0,93.75,"Johannes verehrte Jürgen,
weil_er von Anfang an beeindruckend_war und die_Menge begeisterte.",Wen verehrte Johannes?,Jürgen,David,er,er,F,3,NP2,Jürgen,left,F,F,False,male,male,both_male,NP2-Causality
nonamb,7,7,NP2,NP2-Causality,sie,amb,"Claudia verehrte Julia, weil sie von Anfang an beeindruckend war und die Menge begeisterte.",Wen verehrte Claudia? (Julia / Susanne),adored,ExpStim,6.0,18.0,2.54,-74,mächtig,34.16,7.0,verehrte,2.75,8.0,93.75,"Claudia verehrte Julia,
weil_sie von Anfang an beeindruckend_war und die_Menge begeisterte.",Wen verehrte Claudia?,Julia,Susanne,sie,sie,F,3,NP2,Julia,left,F,F,False,female,female,both_female,NP2-Causality
nonamb,8,7,NP2,NP2-Causality,er,er,"Claudia verehrte Jürgen, weil er von Anfang an beeindruckend war und die Menge begeisterte.",Wen verehrte Claudia? (Jürgen / Daniel),adored,ExpStim,6.0,18.0,2.54,-74,mächtig,34.16,7.0,verehrte,2.75,8.0,93.75,"Claudia verehrte Jürgen,
weil_er von Anfang an beeindruckend_war und die_Menge begeisterte.",Wen verehrte Claudia?,Jürgen,Daniel,er,er,F,3,NP2,Jürgen,left,F,F,False,female,male,swapped,NP2-Causality
nonamb,1,8,NP2,NP1-Causality,er,er,"Philipp beruhigte Susanne, weil er in der Nacht fürsorglich war und den Tee kochte.",Wer beruhigte Susanne? (Philipp / Karl),calmed down,AgP,6.0,0.0,0.27,-79,besorgt,15.02,7.0,beruhigte,1.31,9.0,31.25,"Philipp beruhigte Susanne,
weil_er in der Nacht fürsorglich_war und den_Tee kochte.",Wer beruhigte Susanne?,Philipp,Karl,er,er,F,2,NP1,Philipp,left,F,F,False,male,female,original,NP1-Causality
nonamb,2,8,NP2,NP1-Causality,er,amb,"Philipp beruhigte Alexander, weil er in der Nacht fürsorglich war und den Tee kochte.",Wer beruhigte Alexander? (Philipp / Tobias),calmed down,AgP,6.0,0.0,0.27,-79,besorgt,15.02,7.0,beruhigte,1.31,9.0,31.25,"Philipp beruhigte Alexander,
weil_er in der Nacht fürsorglich_war und den_Tee kochte.",Wer beruhigte Alexander?,Philipp,Tobias,er,er,F,2,NP1,Philipp,left,F,F,False,male,male,both_male,NP1-Causality
nonamb,3,8,NP2,NP1-Causality,sie,amb,"Daniela beruhigte Susanne, weil sie in der Nacht fürsorglich war und den Tee kochte.",Wer beruhigte Susanne? (Daniela / Martina),calmed down,AgP,6.0,0.0,0.27,-79,besorgt,15.02,7.0,beruhigte,1.31,9.0,31.25,"Daniela beruhigte Susanne,
weil_sie in der Nacht fürsorglich_war und den_Tee kochte.",Wer beruhigte Susanne?,Daniela,Martina,sie,sie,F,2,NP1,Daniela,left,F,F,False,female,female,both_female,NP1-Causality
nonamb,4,8,NP2,NP1-Causality,sie,sie,"Daniela beruhigte Alexander, weil sie in der Nacht fürsorglich war und den Tee kochte.",Wer beruhigte Alexander? (Daniela / Jasmin),calmed down,AgP,6.0,0.0,0.27,-79,besorgt,15.02,7.0,beruhigte,1.31,9.0,31.25,"Daniela beruhigte Alexander,
weil_sie in der Nacht fürsorglich_war und den_Tee kochte.",Wer beruhigte Alexander?,Daniela,Jasmin,sie,sie,F,2,NP1,Daniela,left,F,F,False,female,male,swapped,NP1-Causality
nonamb,5,8,NP2,NP2-Causality,sie,sie,"Philipp beruhigte Susanne, weil sie in der Nacht hilflos war und den Rat suchte.",Wer beruhigte Susanne? (Philipp / Florian),calmed down,AgP,6.0,0.0,0.27,-79,professionell,30.71,13.0,beruhigte,1.31,9.0,31.25,"Philipp beruhigte Susanne,
weil_sie in der Nacht hilflos_war und den_Rat suchte.",Wer beruhigte Susanne?,Philipp,Florian,er,er,F,2,NP2,Philipp,left,F,F,False,male,female,original,NP2-Causality
nonamb,6,8,NP2,NP2-Causality,er,amb,"Philipp beruhigte Alexander, weil er in der Nacht hilflos war und den Rat suchte.",Wer beruhigte Alexander? (Philipp / Paul),calmed down,AgP,6.0,0.0,0.27,-79,professionell,30.71,13.0,beruhigte,1.31,9.0,31.25,"Philipp beruhigte Alexander,
weil_er in der Nacht hilflos_war und den_Rat suchte.",Wer beruhigte Alexander?,Philipp,Paul,er,er,F,2,NP2,Philipp,left,F,F,False,male,male,both_male,NP2-Causality
nonamb,7,8,NP2,NP2-Causality,sie,amb,"Daniela beruhigte Susanne, weil sie in der Nacht hilflos war und den Rat suchte.",Wer beruhigte Susanne? (Daniela / Linda),calmed down,AgP,6.0,0.0,0.27,-79,professionell,30.71,13.0,beruhigte,1.31,9.0,31.25,"Daniela beruhigte Susanne,
weil_sie in der Nacht hilflos_war und den_Rat suchte.",Wer beruhigte Susanne?,Daniela,Linda,sie,sie,F,2,NP2,Daniela,left,F,F,False,female,female,both_female,NP2-Causality
nonamb,8,8,NP2,NP2-Causality,er,er,"Daniela beruhigte Alexander, weil er in der Nacht hilflos war und den Rat suchte.",Wer beruhigte Alexander? (Daniela / Petra),calmed down,AgP,6.0,0.0,0.27,-79,professionell,30.71,13.0,beruhigte,1.31,9.0,31.25,"Daniela beruhigte Alexander,
weil_er in der Nacht hilflos_war und den_Rat suchte.",Wer beruhigte Alexander?,Daniela,Petra,sie,sie,F,2,NP2,Daniela,left,F,F,False,female,male,swapped,NP2-Causality
nonamb,1,9,neutral,NP1-Causality,er,er,"Andreas beschuldigte Johanna, weil er seit einiger Zeit streng war und keine Ausreden akzeptierte.",Wer beschuldigte Johanna? (Andreas / Jürgen),accused,AgEvo,7.0,90.0,-2.0,2,unbestechlich,0.88,13.0,beschuldigte,2.97,6.0,43.75,"Andreas beschuldigte Johanna,
weil_er seit einiger Zeit streng_war und keine_Ausreden akzeptierte.",Wer beschuldigte Johanna?,Andreas,Jürgen,er,er,F,2,NP1,Andreas,left,F,F,False,male,female,original,NP1-Causality
nonamb,2,9,neutral,NP1-Causality,er,amb,"Andreas beschuldigte Thomas, weil er seit einiger Zeit streng war und keine Ausreden akzeptierte.",Wer beschuldigte Thomas? (Andreas / Sebastian),accused,AgEvo,7.0,90.0,-2.0,2,unbestechlich,0.88,13.0,beschuldigte,2.97,6.0,43.75,"Andreas beschuldigte Thomas,
weil_er seit einiger Zeit streng_war und keine_Ausreden akzeptierte.",Wer beschuldigte Thomas?,Andreas,Sebastian,er,er,F,2,NP1,Andreas,left,F,F,False,male,male,both_male,NP1-Causality
nonamb,3,9,neutral,NP1-Causality,sie,amb,"Lisa beschuldigte Johanna, weil sie seit einiger Zeit streng war und keine Ausreden akzeptierte.",Wer beschuldigte Johanna? (Lisa / Anna),accused,AgEvo,7.0,90.0,-2.0,2,unbestechlich,0.88,13.0,beschuldigte,2.97,6.0,43.75,"Lisa beschuldigte Johanna,
weil_sie seit einiger Zeit streng_war und keine_Ausreden akzeptierte.",Wer beschuldigte Johanna?,Lisa,Anna,sie,sie,F,2,NP1,Lisa,left,F,F,False,female,female,both_female,NP1-Causality
nonamb,4,9,neutral,NP1-Causality,sie,sie,"Lisa beschuldigte Thomas, weil sie seit einiger Zeit streng war und keine Ausreden akzeptierte.",Wer beschuldigte Thomas? (Lisa / Sabine),accused,AgEvo,7.0,90.0,-2.0,2,unbestechlich,0.88,13.0,beschuldigte,2.97,6.0,43.75,"Lisa beschuldigte Thomas,
weil_sie seit einiger Zeit streng_war und keine_Ausreden akzeptierte.",Wer beschuldigte Thomas?,Lisa,Sabine,sie,sie,F,2,NP1,Lisa,left,F,F,False,female,male,swapped,NP1-Causality
nonamb,5,9,neutral,NP2-Causality,sie,sie,"Andreas beschuldigte Johanna, weil sie seit einiger Zeit kriminell war und die Sachen stahl.",Wer beschuldigte Johanna? (Andreas / Philipp),accused,AgEvo,7.0,90.0,-2.0,2,kriminell,11.35,9.0,beschuldigte,2.97,6.0,43.75,"Andreas beschuldigte Johanna,
weil_sie seit einiger Zeit kriminell_war und die_Sachen stahl.",Wer beschuldigte Johanna?,Andreas,Philipp,er,er,F,2,NP2,Andreas,left,F,F,False,male,female,original,NP2-Causality
nonamb,6,9,neutral,NP2-Causality,er,amb,"Andreas beschuldigte Thomas, weil er seit einiger Zeit kriminell war und die Sachen stahl.",Wer beschuldigte Thomas? (Andreas / Karl),accused,AgEvo,7.0,90.0,-2.0,2,kriminell,11.35,9.0,beschuldigte,2.97,6.0,43.75,"Andreas beschuldigte Thomas,
weil_er seit einiger Zeit kriminell_war und die_Sachen stahl.",Wer beschuldigte Thomas?,Andreas,Karl,er,er,F,2,NP2,Andreas,left,F,F,False,male,male,both_male,NP2-Causality
nonamb,7,9,neutral,NP2-Causality,sie,amb,"Lisa beschuldigte Johanna, weil sie seit einiger Zeit kriminell war und die Sachen stahl.",Wer beschuldigte Johanna? (Lisa / Jana),accused,AgEvo,7.0,90.0,-2.0,2,kriminell,11.35,9.0,beschuldigte,2.97,6.0,43.75,"Lisa beschuldigte Johanna,
weil_sie seit einiger Zeit kriminell_war und die_Sachen stahl.",Wer beschuldigte Johanna?,Lisa,Jana,sie,sie,F,2,NP2,Lisa,left,F,F,False,female,female,both_female,NP2-Causality
nonamb,8,9,neutral,NP2-Causality,er,er,"Lisa beschuldigte Thomas, weil er seit einiger Zeit kriminell war und die Sachen stahl.",Wer beschuldigte Thomas? (Lisa / Katharina),accused,AgEvo,7.0,90.0,-2.0,2,kriminell,11.35,9.0,beschuldigte,2.97,6.0,43.75,"Lisa beschuldigte Thomas,
weil_er seit einiger Zeit kriminell_war und die_Sachen stahl.",Wer beschuldigte Thomas?,Lisa,Katharina,sie,sie,F,2,NP2,Lisa,left,F,F,False,female,male,swapped,NP2-Causality
nonamb,1,10,neutral,NP1-Causality,er,er,"Christian mied Anna, weil er am späten Abend überfordert war und jede Diskussion vermied.",Wer war am späten Abend überfordert? (Christian / Anna),avoided,AgP,7.0,68.0,-1.09,14,überfordert,10.07,11.0,mied,0.3,4.0,43.75,"Christian mied Anna,
weil_er am späten Abend überfordert_war und jede_Diskussion vermied.",Wer war am späten Abend überfordert?,Christian,Anna,er,sie,F,1,NP1,Christian,left,F,F,False,male,female,original,NP1-Causality
nonamb,2,10,neutral,NP1-Causality,er,amb,"Christian mied Matthias, weil er am späten Abend überfordert war und jede Diskussion vermied.",Wer war am späten Abend überfordert? (Christian / Matthias),avoided,AgP,7.0,68.0,-1.09,14,überfordert,10.07,11.0,mied,0.3,4.0,43.75,"Christian mied Matthias,
weil_er am späten Abend überfordert_war und jede_Diskussion vermied.",Wer war am späten Abend überfordert?,Christian,Matthias,er,er,FJ,1,NP1,Christian,left,F,FJ,True,male,male,both_male,NP1-Causality
nonamb,3,10,neutral,NP1-Causality,sie,amb,"Laura mied Anna, weil sie am späten Abend überfordert war und jede Diskussion vermied.",Wer war am späten Abend überfordert? (Laura / Anna),avoided,AgP,7.0,68.0,-1.09,14,überfordert,10.07,11.0,mied,0.3,4.0,43.75,"Laura mied Anna,
weil_sie am späten Abend überfordert_war und jede_Diskussion vermied.",Wer war am späten Abend überfordert?,Laura,Anna,sie,sie,FJ,1,NP1,Laura,left,F,FJ,True,female,female,both_female,NP1-Causality
nonamb,4,10,neutral,NP1-Causality,sie,sie,"Laura mied Matthias, weil sie am späten Abend überfordert war und jede Diskussion vermied.",Wer war am späten Abend überfordert? (Laura / Matthias),avoided,AgP,7.0,68.0,-1.09,14,überfordert,10.07,11.0,mied,0.3,4.0,43.75,"Laura mied Matthias,
weil_sie am späten Abend überfordert_war und jede_Diskussion vermied.",Wer war am späten Abend überfordert?,Laura,Matthias,sie,er,F,1,NP1,Laura,left,F,F,False,female,male,swapped,NP1-Causality
nonamb,5,10,neutral,NP2-Causality,sie,sie,"Christian mied Anna, weil sie am späten Abend unfreundlich war und die Tür verschloss.",Wer war am späten Abend unfreundlich? (Christian / Anna),avoided,AgP,7.0,68.0,-1.09,14,anspruchsvoll,15.15,13.0,mied,0.3,4.0,43.75,"Christian mied Anna,
weil_sie am späten Abend unfreundlich_war und die_Tür verschloss.",Wer war am späten Abend unfreundlich?,Christian,Anna,er,sie,J,1,NP2,Anna,right,J,J,False,male,female,original,NP2-Causality
nonamb,6,10,neutral,NP2-Causality,er,amb,"Christian mied Matthias, weil er am späten Abend unfreundlich war und die Tür verschloss.",Wer war am späten Abend unfreundlich? (Christian / Matthias),avoided,AgP,7.0,68.0,-1.09,14,anspruchsvoll,15.15,13.0,mied,0.3,4.0,43.75,"Christian mied Matthias,
weil_er am späten Abend unfreundlich_war und die_Tür verschloss.",Wer war am späten Abend unfreundlich?,Christian,Matthias,er,er,FJ,1,NP2,Matthias,right,J,FJ,True,male,male,both_male,NP2-Causality
nonamb,7,10,neutral,NP2-Causality,sie,amb,"Laura mied Anna, weil sie am späten Abend unfreundlich war und die Tür verschloss.",Wer war am späten Abend unfreundlich? (Laura / Anna),avoided,AgP,7.0,68.0,-1.09,14,anspruchsvoll,15.15,13.0,mied,0.3,4.0,43.75,"Laura mied Anna,
weil_sie am späten Abend unfreundlich_war und die_Tür verschloss.",Wer war am späten Abend unfreundlich?,Laura,Anna,sie,sie,FJ,1,NP2,Anna,right,J,FJ,True,female,female,both_female,NP2-Causality
nonamb,8,10,neutral,NP2-Causality,er,er,"Laura mied Matthias, weil er am späten Abend unfreundlich war und die Tür verschloss.",Wer war am späten Abend unfreundlich? (Laura / Matthias),avoided,AgP,7.0,68.0,-1.09,14,anspruchsvoll,15.15,13.0,mied,0.3,4.0,43.75,"Laura mied Matthias,
weil_er am späten Abend unfreundlich_war und die_Tür verschloss.",Wer war am späten Abend unfreundlich?,Laura,Matthias,sie,er,J,1,NP2,Matthias,right,J,J,False,female,male,swapped,NP2-Causality
nonamb,1,11,neutral,NP1-Causality,er,er,"Uwe beleidigte Nicole, weil er am frühen Abend müde war und keine Geduld hatte.",Was tat Uwe? (beleidigte Nicole / schätzte Lena),affronted,StimExp,9.0,30.0,-1.0,12,empört,5.68,6.0,beleidigte,0.73,10.0,75.0,"Uwe beleidigte Nicole,
weil_er am frühen Abend müde_war und keine_Geduld hatte.",Was tat Uwe?,beleidigte Nicole,schätzte Lena,,,F,4,NP1,beleidigte Nicole,left,F,F,False,male,female,original,NP1-Causality
nonamb,2,11,neutral,NP1-Causality,er,amb,"Uwe beleidigte Klaus, weil er am frühen Abend müde war und keine Geduld hatte.",Was tat Uwe? (beleidigte Klaus / schlug Alexander),affronted,StimExp,9.0,30.0,-1.0,12,empört,5.68,6.0,beleidigte,0.73,10.0,75.0,"Uwe beleidigte Klaus,
weil_er am frühen Abend müde_war und keine_Geduld hatte.",Was tat Uwe?,beleidigte Klaus,schlug Alexander,,,F,4,NP1,beleidigte Klaus,left,F,F,False,male,male,both_male,NP1-Causality
nonamb,3,11,neutral,NP1-Causality,sie,amb,"Sarah beleidigte Nicole, weil sie am frühen Abend müde war und keine Geduld hatte.",Was tat Sarah? (beleidigte Nicole / versorgte Nina),affronted,StimExp,9.0,30.0,-1.0,12,empört,5.68,6.0,beleidigte,0.73,10.0,75.0,"Sarah beleidigte Nicole,
weil_sie am frühen Abend müde_war und keine_Geduld hatte.",Was tat Sarah?,beleidigte Nicole,versorgte Nina,,,F,4,NP1,beleidigte Nicole,left,F,F,False,female,female,both_female,NP1-Causality
nonamb,4,11,neutral,NP1-Causality,sie,sie,"Sarah beleidigte Klaus, weil sie am frühen Abend müde war und keine Geduld hatte.",Was tat Sarah? (beleidigte Klaus / faszinierte Martina),affronted,StimExp,9.0,30.0,-1.0,12,empört,5.68,6.0,beleidigte,0.73,10.0,75.0,"Sarah beleidigte Klaus,
weil_sie am frühen Abend müde_war und keine_Geduld hatte.",Was tat Sarah?,beleidigte Klaus,faszinierte Martina,,,F,4,NP1,beleidigte Klaus,left,F,F,False,female,male,swapped,NP1-Causality
nonamb,5,11,neutral,NP2-Causality,sie,sie,"Uwe beleidigte Nicole, weil sie am frühen Abend nervig war und den Streit anfing.",Was tat Uwe? (beleidigte Nicole / elektrisierte Christian),affronted,StimExp,9.0,30.0,-1.0,12,penetrant,1.56,9.0,beleidigte,0.73,10.0,75.0,"Uwe beleidigte Nicole,
weil_sie am frühen Abend nervig_war und den_Streit anfing.",Was tat Uwe?,beleidigte Nicole,elektrisierte Christian,,,F,4,NP2,beleidigte Nicole,left,F,F,False,male,female,original,NP2-Causality
nonamb,6,11,neutral,NP2-Causality,er,amb,"Uwe beleidigte Klaus, weil er am frühen Abend nervig war und den Streit anfing.",Was tat Uwe? (beleidigte Klaus / belohnte Klaus),affronted,StimExp,9.0,30.0,-1.0,12,penetrant,1.56,9.0,beleidigte,0.73,10.0,75.0,"Uwe beleidigte Klaus,
weil_er am frühen Abend nervig_war und den_Streit anfing.",Was tat Uwe?,beleidigte Klaus,belohnte Klaus,,,F,4,NP2,beleidigte Klaus,left,F,F,False,male,male,both_male,NP2-Causality
nonamb,7,11,neutral,NP2-Causality,sie,amb,"Sarah beleidigte Nicole, weil sie am frühen Abend nervig war und den Streit anfing.",Was tat Sarah? (beleidigte Nicole / führte Lena),affronted,StimExp,9.0,30.0,-1.0,12,penetrant,1.56,9.0,beleidigte,0.73,10.0,75.0,"Sarah beleidigte Nicole,
weil_sie am frühen Abend nervig_war und den_Streit anfing.",Was tat Sarah?,beleidigte Nicole,führte Lena,,,F,4,NP2,beleidigte Nicole,left,F,F,False,female,female,both_female,NP2-Causality
nonamb,8,11,neutral,NP2-Causality,er,er,"Sarah beleidigte Klaus, weil er am frühen Abend nervig war und den Streit anfing.",Was tat Sarah? (beleidigte Klaus / traf Wolfgang),affronted,StimExp,9.0,30.0,-1.0,12,penetrant,1.56,9.0,beleidigte,0.73,10.0,75.0,"Sarah beleidigte Klaus,
weil_er am frühen Abend nervig_war und den_Streit anfing.",Was tat Sarah?,beleidigte Klaus,traf Wolfgang,,,F,4,NP2,beleidigte Klaus,left,F,F,False,female,male,swapped,NP2-Causality
nonamb,1,12,neutral,NP1-Causality,er,er,"Hans beichtete Lena, weil er seit langer Zeit schuldbewusst war und eine Last trug.",Was trug er? (eine Last / ein Signal),confided in,AgP,8.0,0.0,1.91,5,verzweifelt,16.17,11.0,beichtete,7.55,11.0,50.0,"Hans beichtete Lena,
weil_er seit langer Zeit schuldbewusst_war und eine_Last trug.",Was trug er?,eine Last,ein Signal,,,F,6,NP1,eine Last,left,F,F,False,male,female,original,NP1-Causality
nonamb,2,12,neutral,NP1-Causality,er,amb,"Hans beichtete Wolfgang, weil er seit langer Zeit schuldbewusst war und eine Last trug.",Was trug er? (eine Last / ein Signal),confided in,AgP,8.0,0.0,1.91,5,verzweifelt,16.17,11.0,beichtete,7.55,11.0,50.0,"Hans beichtete Wolfgang,
weil_er seit langer Zeit schuldbewusst_war und eine_Last trug.",Was trug er?,eine Last,ein Signal,,,F,6,NP1,eine Last,left,F,F,False,male,male,both_male,NP1-Causality
nonamb,3,12,neutral,NP1-Causality,sie,amb,"Monika beichtete Lena, weil sie seit langer Zeit schuldbewusst war und eine Last trug.",Was trug sie? (eine Last / ein Signal),confided in,AgP,8.0,0.0,1.91,5,verzweifelt,16.17,11.0,beichtete,7.55,11.0,50.0,"Monika beichtete Lena,
weil_sie seit langer Zeit schuldbewusst_war und eine_Last trug.",Was trug sie?,eine Last,ein Signal,,,F,6,NP1,eine Last,left,F,F,False,female,female,both_female,NP1-Causality
nonamb,4,12,neutral,NP1-Causality,sie,sie,"Monika beichtete Wolfgang, weil sie seit langer Zeit schuldbewusst war und eine Last trug.",Was trug sie? (eine Last / ein Signal),confided in,AgP,8.0,0.0,1.91,5,verzweifelt,16.17,11.0,beichtete,7.55,11.0,50.0,"Monika beichtete Wolfgang,
weil_sie seit langer Zeit schuldbewusst_war und eine_Last trug.",Was trug sie?,eine Last,ein Signal,,,F,6,NP1,eine Last,left,F,F,False,female,male,swapped,NP1-Causality
nonamb,5,12,neutral,NP2-Causality,sie,sie,"Hans beichtete Lena, weil sie seit langer Zeit verlässlich war und jedes Geheimnis hütete.",Was hütete sie? (jedes Geheimnis / ein Signal),confided in,AgP,8.0,0.0,1.91,5,verschwiegen,5.11,12.0,beichtete,7.55,11.0,50.0,"Hans beichtete Lena,
weil_sie seit langer Zeit verlässlich_war und jedes_Geheimnis hütete.",Was hütete sie?,jedes Geheimnis,ein Signal,,,F,6,NP2,jedes Geheimnis,left,F,F,False,male,female,original,NP2-Causality
nonamb,6,12,neutral,NP2-Causality,er,amb,"Hans beichtete Wolfgang, weil er seit langer Zeit verlässlich war und jedes Geheimnis hütete.",Was hütete er? (jedes Geheimnis / ein Signal),confided in,AgP,8.0,0.0,1.91,5,verschwiegen,5.11,12.0,beichtete,7.55,11.0,50.0,"Hans beichtete Wolfgang,
weil_er seit langer Zeit verlässlich_war und jedes_Geheimnis hütete.",Was hütete er?,jedes Geheimnis,ein Signal,,,F,6,NP2,jedes Geheimnis,left,F,F,False,male,male,both_male,NP2-Causality
nonamb,7,12,neutral,NP2-Causality,sie,amb,"Monika beichtete Lena, weil sie seit langer Zeit verlässlich war und jedes Geheimnis hütete.",Was hütete sie? (jedes Geheimnis / ein Signal),confided in,AgP,8.0,0.0,1.91,5,verschwiegen,5.11,12.0,beichtete,7.55,11.0,50.0,"Monika beichtete Lena,
weil_sie seit langer Zeit verlässlich_war und jedes_Geheimnis hütete.",Was hütete sie?,jedes Geheimnis,ein Signal,,,F,6,NP2,jedes Geheimnis,left,F,F,False,female,female,both_female,NP2-Causality
nonamb,8,12,neutral,NP2-Causality,er,er,"Monika beichtete Wolfgang, weil er seit langer Zeit verlässlich war und jedes Geheimnis hütete.",Was hütete er? (jedes Geheimnis / ein Signal),confided in,AgP,8.0,0.0,1.91,5,verschwiegen,5.11,12.0,beichtete,7.55,11.0,50.0,"Monika beichtete Wolfgang,
weil_er seit langer Zeit verlässlich_war und jedes_Geheimnis hütete.",Was hütete er?,jedes Geheimnis,ein Signal,,,F,6,NP2,jedes Geheimnis,left,F,F,False,female,male,swapped,NP2-Causality
nonamb,1,13,NP1,NP1-Causality,er,er,"Karl langweilte Jana, weil er an diesem Abend eintönig war und den Vortrag wiederholte.",Was tat Karl? (langweilte Jana / mochte Andreas),bored,StimExp,5.0,19.0,-1.64,73,eintönig,2.38,8.0,langweilte,0.29,10.0,75.0,"Karl langweilte Jana,
weil_er an diesem Abend eintönig_war und den_Vortrag wiederholte.",Was tat Karl?,langweilte Jana,mochte Andreas,,,F,4,NP1,langweilte Jana,left,F,F,False,male,female,original,NP1-Causality
nonamb,2,13,NP1,NP1-Causality,er,amb,"Karl langweilte Christian, weil er an diesem Abend eintönig war und den Vortrag wiederholte.",Was tat Karl? (langweilte Christian / verstimmte Klaus),bored,StimExp,5.0,19.0,-1.64,73,eintönig,2.38,8.0,langweilte,0.29,10.0,75.0,"Karl langweilte Christian,
weil_er an diesem Abend eintönig_war und den_Vortrag wiederholte.",Was tat Karl?,langweilte Christian,verstimmte Klaus,,,F,4,NP1,langweilte Christian,left,F,F,False,male,male,both_male,NP1-Causality
nonamb,3,13,NP1,NP1-Causality,sie,amb,"Nina langweilte Jana, weil sie an diesem Abend eintönig war und den Vortrag wiederholte.",Was tat Nina? (langweilte Jana / imitierte Sarah),bored,StimExp,5.0,19.0,-1.64,73,eintönig,2.38,8.0,langweilte,0.29,10.0,75.0,"Nina langweilte Jana,
weil_sie an diesem Abend eintönig_war und den_Vortrag wiederholte.",Was tat Nina?,langweilte Jana,imitierte Sarah,,,F,4,NP1,langweilte Jana,left,F,F,False,female,female,both_female,NP1-Causality
nonamb,4,13,NP1,NP1-Causality,sie,sie,"Nina langweilte Christian, weil sie an diesem Abend eintönig war und den Vortrag wiederholte.",Was tat Nina? (langweilte Christian / überwältigte Martin),bored,StimExp,5.0,19.0,-1.64,73,eintönig,2.38,8.0,langweilte,0.29,10.0,75.0,"Nina langweilte Christian,
weil_sie an diesem Abend eintönig_war und den_Vortrag wiederholte.",Was tat Nina?,langweilte Christian,überwältigte Martin,,,F,4,NP1,langweilte Christian,left,F,F,False,female,male,swapped,NP1-Causality
nonamb,5,13,NP1,NP2-Causality,sie,sie,"Karl langweilte Jana, weil sie an diesem Abend ungeduldig war und das Interesse verlor.",Was tat Karl? (langweilte Jana / missbilligte Anna),bored,StimExp,5.0,19.0,-1.64,73,skeptisch,10.79,9.0,langweilte,0.29,10.0,75.0,"Karl langweilte Jana,
weil_sie an diesem Abend ungeduldig_war und das_Interesse verlor.",Was tat Karl?,langweilte Jana,missbilligte Anna,,,F,4,NP2,langweilte Jana,left,F,F,False,male,female,original,NP2-Causality
nonamb,6,13,NP1,NP2-Causality,er,amb,"Karl langweilte Christian, weil er an diesem Abend ungeduldig war und das Interesse verlor.",Was tat Karl? (langweilte Christian / korrigierte Lena),bored,StimExp,5.0,19.0,-1.64,73,skeptisch,10.79,9.0,langweilte,0.29,10.0,75.0,"Karl langweilte Christian,
weil_er an diesem Abend ungeduldig_war und das_Interesse verlor.",Was tat Karl?,langweilte Christian,korrigierte Lena,,,F,4,NP2,langweilte Christian,left,F,F,False,male,male,both_male,NP2-Causality
nonamb,7,13,NP1,NP2-Causality,sie,amb,"Nina langweilte Jana, weil sie an diesem Abend ungeduldig war und das Interesse verlor.",Was tat Nina? (langweilte Jana / liebte Tobias),bored,StimExp,5.0,19.0,-1.64,73,skeptisch,10.79,9.0,langweilte,0.29,10.0,75.0,"Nina langweilte Jana,
weil_sie an diesem Abend ungeduldig_war und das_Interesse verlor.",Was tat Nina?,langweilte Jana,liebte Tobias,,,F,4,NP2,langweilte Jana,left,F,F,False,female,female,both_female,NP2-Causality
nonamb,8,13,NP1,NP2-Causality,er,er,"Nina langweilte Christian, weil er an diesem Abend ungeduldig war und das Interesse verlor.",Was tat Nina? (langweilte Christian / ärgerte Stefan),bored,StimExp,5.0,19.0,-1.64,73,skeptisch,10.79,9.0,langweilte,0.29,10.0,75.0,"Nina langweilte Christian,
weil_er an diesem Abend ungeduldig_war und das_Interesse verlor.",Was tat Nina?,langweilte Christian,ärgerte Stefan,,,F,4,NP2,langweilte Christian,left,F,F,False,female,male,swapped,NP2-Causality
nonamb,1,14,NP1,NP1-Causality,er,er,"Alexander benachrichtigte Laura, weil er zu dem Zeitpunkt achtsam war und den Vorfall meldete.",Was meldete er? (den Vorfall / den Vortrag),called,AgP,6.0,15.0,0.45,82,eine Idee,5.66,8.0,benachrichtigte,31.09,4.0,68.75,"Alexander benachrichtigte Laura,
weil_er zu dem Zeitpunkt achtsam_war und den_Vorfall meldete.",Was meldete er?,den Vorfall,den Vortrag,,,F,6,NP1,den Vorfall,left,F,F,False,male,female,original,NP1-Causality
nonamb,2,14,NP1,NP1-Causality,er,amb,"Alexander benachrichtigte Tobias, weil er zu dem Zeitpunkt achtsam war und den Vorfall meldete.",Was meldete er? (den Vorfall / den Vortrag),called,AgP,6.0,15.0,0.45,82,eine Idee,5.66,8.0,benachrichtigte,31.09,4.0,68.75,"Alexander benachrichtigte Tobias,
weil_er zu dem Zeitpunkt achtsam_war und den_Vorfall meldete.",Was meldete er?,den Vorfall,den Vortrag,,,F,6,NP1,den Vorfall,left,F,F,False,male,male,both_male,NP1-Causality
nonamb,3,14,NP1,NP1-Causality,sie,amb,"Katharina benachrichtigte Laura, weil sie zu dem Zeitpunkt achtsam war und den Vorfall meldete.",Was meldete sie? (den Vorfall / den Vortrag),called,AgP,6.0,15.0,0.45,82,eine Idee,5.66,8.0,benachrichtigte,31.09,4.0,68.75,"Katharina benachrichtigte Laura,
weil_sie zu dem Zeitpunkt achtsam_war und den_Vorfall meldete.",Was meldete sie?,den Vorfall,den Vortrag,,,F,6,NP1,den Vorfall,left,F,F,False,female,female,both_female,NP1-Causality
nonamb,4,14,NP1,NP1-Causality,sie,sie,"Katharina benachrichtigte Tobias, weil sie zu dem Zeitpunkt achtsam war und den Vorfall meldete.",Was meldete sie? (den Vorfall / den Vortrag),called,AgP,6.0,15.0,0.45,82,eine Idee,5.66,8.0,benachrichtigte,31.09,4.0,68.75,"Katharina benachrichtigte Tobias,
weil_sie zu dem Zeitpunkt achtsam_war und den_Vorfall meldete.",Was meldete sie?,den Vorfall,den Vortrag,,,F,6,NP1,den Vorfall,left,F,F,False,female,male,swapped,NP1-Causality
nonamb,5,14,NP1,NP2-Causality,sie,sie,"Alexander benachrichtigte Laura, weil sie zu dem Zeitpunkt bedroht war und die Hilfe benötigte.",Was benötigte sie? (die Hilfe / den Vortrag),called,AgP,6.0,15.0,0.45,82,verstummt,1.44,9.0,benachrichtigte,31.09,4.0,68.75,"Alexander benachrichtigte Laura,
weil_sie zu dem Zeitpunkt bedroht_war und die_Hilfe benötigte.",Was benötigte sie?,die Hilfe,den Vortrag,,,F,6,NP2,die Hilfe,left,F,F,False,male,female,original,NP2-Causality
nonamb,6,14,NP1,NP2-Causality,er,amb,"Alexander benachrichtigte Tobias, weil er zu dem Zeitpunkt bedroht war und die Hilfe benötigte.",Was benötigte er? (die Hilfe / den Vortrag),called,AgP,6.0,15.0,0.45,82,verstummt,1.44,9.0,benachrichtigte,31.09,4.0,68.75,"Alexander benachrichtigte Tobias,
weil_er zu dem Zeitpunkt bedroht_war und die_Hilfe benötigte.",Was benötigte er?,die Hilfe,den Vortrag,,,F,6,NP2,die Hilfe,left,F,F,False,male,male,both_male,NP2-Causality
nonamb,7,14,NP1,NP2-Causality,sie,amb,"Katharina benachrichtigte Laura, weil sie zu dem Zeitpunkt bedroht war und die Hilfe benötigte.",Was benötigte sie? (die Hilfe / den Vortrag),called,AgP,6.0,15.0,0.45,82,verstummt,1.44,9.0,benachrichtigte,31.09,4.0,68.75,"Katharina benachrichtigte Laura,
weil_sie zu dem Zeitpunkt bedroht_war und die_Hilfe benötigte.",Was benötigte sie?,die Hilfe,den Vortrag,,,F,6,NP2,die Hilfe,left,F,F,False,female,female,both_female,NP2-Causality
nonamb,8,14,NP1,NP2-Causality,er,er,"Katharina benachrichtigte Tobias, weil er zu dem Zeitpunkt bedroht war und die Hilfe benötigte.",Was benötigte er? (die Hilfe / den Vortrag),called,AgP,6.0,15.0,0.45,82,verstummt,1.44,9.0,benachrichtigte,31.09,4.0,68.75,"Katharina benachrichtigte Tobias,
weil_er zu dem Zeitpunkt bedroht_war und die_Hilfe benötigte.",Was benötigte er?,die Hilfe,den Vortrag,,,F,6,NP2,die Hilfe,left,F,F,False,female,male,swapped,NP2-Causality
nonamb,1,15,NP1,NP1-Causality,er,er,"David nervte Sabine, weil er die ganze Zeit aufgedreht war und den Krach verursachte.",Was verursachte er? (den Krach / jedes Wort),bugged,StimExp,6.0,4.0,-1.0,72,durstig,1.28,7.0,nervte,0.34,6.0,31.25,"David nervte Sabine,
weil_er die ganze Zeit aufgedreht_war und den_Krach verursachte.",Was verursachte er?,den Krach,jedes Wort,,,F,6,NP1,den Krach,left,F,F,False,male,female,original,NP1-Causality
nonamb,2,15,NP1,NP1-Causality,er,amb,"David nervte Wolfgang, weil er die ganze Zeit aufgedreht war und den Krach verursachte.",Was verursachte er? (den Krach / jedes Wort),bugged,StimExp,6.0,4.0,-1.0,72,durstig,1.28,7.0,nervte,0.34,6.0,31.25,"David nervte Wolfgang,
weil_er die ganze Zeit aufgedreht_war und den_Krach verursachte.",Was verursachte er?,den Krach,jedes Wort,,,F,6,NP1,den Krach,left,F,F,False,male,male,both_male,NP1-Causality
nonamb,3,15,NP1,NP1-Causality,sie,amb,"Renate nervte Sabine, weil sie die ganze Zeit aufgedreht war und den Krach verursachte.",Was verursachte sie? (den Krach / jedes Wort),bugged,StimExp,6.0,4.0,-1.0,72,durstig,1.28,7.0,nervte,0.34,6.0,31.25,"Renate nervte Sabine,
weil_sie die ganze Zeit aufgedreht_war und den_Krach verursachte.",Was verursachte sie?,den Krach,jedes Wort,,,F,6,NP1,den Krach,left,F,F,False,female,female,both_female,NP1-Causality
nonamb,4,15,NP1,NP1-Causality,sie,sie,"Renate nervte Wolfgang, weil sie die ganze Zeit aufgedreht war und den Krach verursachte.",Was verursachte sie? (den Krach / jedes Wort),bugged,StimExp,6.0,4.0,-1.0,72,durstig,1.28,7.0,nervte,0.34,6.0,31.25,"Renate nervte Wolfgang,
weil_sie die ganze Zeit aufgedreht_war und den_Krach verursachte.",Was verursachte sie?,den Krach,jedes Wort,,,F,6,NP1,den Krach,left,F,F,False,female,male,swapped,NP1-Causality
nonamb,5,15,NP1,NP2-Causality,sie,sie,"David nervte Sabine, weil sie die ganze Zeit angespannt war und den Raum verließ.",Was verließ sie? (den Raum / jedes Wort),bugged,StimExp,6.0,4.0,-1.0,72,beschäftigt,63.13,11.0,nervte,0.34,6.0,31.25,"David nervte Sabine,
weil_sie die ganze Zeit angespannt_war und den_Raum verließ.",Was verließ sie?,den Raum,jedes Wort,,,F,6,NP2,den Raum,left,F,F,False,male,female,original,NP2-Causality
nonamb,6,15,NP1,NP2-Causality,er,amb,"David nervte Wolfgang, weil er die ganze Zeit angespannt war und den Raum verließ.",Was verließ er? (den Raum / jedes Wort),bugged,StimExp,6.0,4.0,-1.0,72,beschäftigt,63.13,11.0,nervte,0.34,6.0,31.25,"David nervte Wolfgang,
weil_er die ganze Zeit angespannt_war und den_Raum verließ.",Was verließ er?,den Raum,jedes Wort,,,F,6,NP2,den Raum,left,F,F,False,male,male,both_male,NP2-Causality
nonamb,7,15,NP1,NP2-Causality,sie,amb,"Renate nervte Sabine, weil sie die ganze Zeit angespannt war und den Raum verließ.",Was verließ sie? (den Raum / jedes Wort),bugged,StimExp,6.0,4.0,-1.0,72,beschäftigt,63.13,11.0,nervte,0.34,6.0,31.25,"Renate nervte Sabine,
weil_sie die ganze Zeit angespannt_war und den_Raum verließ.",Was verließ sie?,den Raum,jedes Wort,,,F,6,NP2,den Raum,left,F,F,False,female,female,both_female,NP2-Causality
nonamb,8,15,NP1,NP2-Causality,er,er,"Renate nervte Wolfgang, weil er die ganze Zeit angespannt war und den Raum verließ.",Was verließ er? (den Raum / jedes Wort),bugged,StimExp,6.0,4.0,-1.0,72,beschäftigt,63.13,11.0,nervte,0.34,6.0,31.25,"Renate nervte Wolfgang,
weil_er die ganze Zeit angespannt_war und den_Raum verließ.",Was verließ er?,den Raum,jedes Wort,,,F,6,NP2,den Raum,left,F,F,False,female,male,swapped,NP2-Causality
nonamb,1,16,NP1,NP1-Causality,er,er,"Michael bezauberte Claudia, weil er zu jeder Zeit charmant war und die Illusionen erzeugte.",Was tat Michael? (bezauberte Claudia / mochte Susanne),charmed,StimExp,7.0,418.0,2.0,81,hinterlistig,0.68,12.0,bezauberte,0.11,10.0,68.75,"Michael bezauberte Claudia,
weil_er zu jeder Zeit charmant_war und die_Illusionen erzeugte.",Was tat Michael?,bezauberte Claudia,mochte Susanne,,,F,4,NP1,bezauberte Claudia,left,F,F,False,male,female,original,NP1-Causality
nonamb,2,16,NP1,NP1-Causality,er,amb,"Michael bezauberte Paul, weil er zu jeder Zeit charmant war und die Illusionen erzeugte.",Was tat Michael? (bezauberte Paul / bestrafte Laura),charmed,StimExp,7.0,418.0,2.0,81,hinterlistig,0.68,12.0,bezauberte,0.11,10.0,68.75,"Michael bezauberte Paul,
weil_er zu jeder Zeit charmant_war und die_Illusionen erzeugte.",Was tat Michael?,bezauberte Paul,bestrafte Laura,,,F,4,NP1,bezauberte Paul,left,F,F,False,male,male,both_male,NP1-Causality
nonamb,3,16,NP1,NP1-Causality,sie,amb,"Barbara bezauberte Claudia, weil sie zu jeder Zeit charmant war und die Illusionen erzeugte.",Was tat Barbara? (bezauberte Claudia / überholte Sabine),charmed,StimExp,7.0,418.0,2.0,81,hinterlistig,0.68,12.0,bezauberte,0.11,10.0,68.75,"Barbara bezauberte Claudia,
weil_sie zu jeder Zeit charmant_war und die_Illusionen erzeugte.",Was tat Barbara?,bezauberte Claudia,überholte Sabine,,,F,4,NP1,bezauberte Claudia,left,F,F,False,female,female,both_female,NP1-Causality
nonamb,4,16,NP1,NP1-Causality,sie,sie,"Barbara bezauberte Paul, weil sie zu jeder Zeit charmant war und die Illusionen erzeugte.",Was tat Barbara? (bezauberte Paul / provozierte Sabine),charmed,StimExp,7.0,418.0,2.0,81,hinterlistig,0.68,12.0,bezauberte,0.11,10.0,68.75,"Barbara bezauberte Paul,
weil_sie zu jeder Zeit charmant_war und die_Illusionen erzeugte.",Was tat Barbara?,bezauberte Paul,provozierte Sabine,,,F,4,NP1,bezauberte Paul,left,F,F,False,female,male,swapped,NP1-Causality
nonamb,5,16,NP1,NP2-Causality,sie,sie,"Michael bezauberte Claudia, weil sie zu jeder Zeit amüsiert war und die Tricks liebte.",Was tat Michael? (bezauberte Claudia / tötete Lisa),charmed,StimExp,7.0,418.0,2.0,81,arglos,0.81,6.0,bezauberte,0.11,10.0,68.75,"Michael bezauberte Claudia,
weil_sie zu jeder Zeit amüsiert_war und die_Tricks liebte.",Was tat Michael?,bezauberte Claudia,tötete Lisa,,,F,4,NP2,bezauberte Claudia,left,F,F,False,male,female,original,NP2-Causality
nonamb,6,16,NP1,NP2-Causality,er,amb,"Michael bezauberte Paul, weil er zu jeder Zeit amüsiert war und die Tricks liebte.",Was tat Michael? (bezauberte Paul / mochte Andreas),charmed,StimExp,7.0,418.0,2.0,81,arglos,0.81,6.0,bezauberte,0.11,10.0,68.75,"Michael bezauberte Paul,
weil_er zu jeder Zeit amüsiert_war und die_Tricks liebte.",Was tat Michael?,bezauberte Paul,mochte Andreas,,,F,4,NP2,bezauberte Paul,left,F,F,False,male,male,both_male,NP2-Causality
nonamb,7,16,NP1,NP2-Causality,sie,amb,"Barbara bezauberte Claudia, weil sie zu jeder Zeit amüsiert war und die Tricks liebte.",Was tat Barbara? (bezauberte Claudia / belohnte Klaus),charmed,StimExp,7.0,418.0,2.0,81,arglos,0.81,6.0,bezauberte,0.11,10.0,68.75,"Barbara bezauberte Claudia,
weil_sie zu jeder Zeit amüsiert_war und die_Tricks liebte.",Was tat Barbara?,bezauberte Claudia,belohnte Klaus,,,F,4,NP2,bezauberte Claudia,left,F,F,False,female,female,both_female,NP2-Causality
nonamb,8,16,NP1,NP2-Causality,er,er,"Barbara bezauberte Paul, weil er zu jeder Zeit amüsiert war und die Tricks liebte.",Was tat Barbara? (bezauberte Paul / verunglimpfte Sarah),charmed,StimExp,7.0,418.0,2.0,81,arglos,0.81,6.0,bezauberte,0.11,10.0,68.75,"Barbara bezauberte Paul,
weil_er zu jeder Zeit amüsiert_war und die_Tricks liebte.",Was tat Barbara?,bezauberte Paul,verunglimpfte Sarah,,,F,4,NP2,bezauberte Paul,left,F,F,False,female,male,swapped,NP2-Causality
nonamb,1,17,NP2,NP1-Causality,er,er,"Martin tröstete Martina, weil er nach den Erlebnissen einfühlsam war und die Tränen wischte.",Wer war nach den Erlebnissen einfühlsam? (Martin / Martina),consoled,StimExp,8.0,34.0,1.45,-74,mitfühlend,1.08,10.0,tröstete,0.77,8.0,50.0,"Martin tröstete Martina,
weil_er nach den Erlebnissen einfühlsam_war und die_Tränen wischte.",Wer war nach den Erlebnissen einfühlsam?,Martin,Martina,er,sie,F,1,NP1,Martin,left,F,F,False,male,female,original,NP1-Causality
nonamb,2,17,NP2,NP1-Causality,er,amb,"Martin tröstete Thomas, weil er nach den Erlebnissen einfühlsam war und die Tränen wischte.",Wer war nach den Erlebnissen einfühlsam? (Martin / Thomas),consoled,StimExp,8.0,34.0,1.45,-74,mitfühlend,1.08,10.0,tröstete,0.77,8.0,50.0,"Martin tröstete Thomas,
weil_er nach den Erlebnissen einfühlsam_war und die_Tränen wischte.",Wer war nach den Erlebnissen einfühlsam?,Martin,Thomas,er,er,FJ,1,NP1,Martin,left,F,FJ,True,male,male,both_male,NP1-Causality
nonamb,3,17,NP2,NP1-Causality,sie,amb,"Monika tröstete Martina, weil sie nach den Erlebnissen einfühlsam war und die Tränen wischte.",Wer war nach den Erlebnissen einfühlsam? (Monika / Martina),consoled,StimExp,8.0,34.0,1.45,-74,mitfühlend,1.08,10.0,tröstete,0.77,8.0,50.0,"Monika tröstete Martina,
weil_sie nach den Erlebnissen einfühlsam_war und die_Tränen wischte.",Wer war nach den Erlebnissen einfühlsam?,Monika,Martina,sie,sie,FJ,1,NP1,Monika,left,F,FJ,True,female,female,both_female,NP1-Causality
nonamb,4,17,NP2,NP1-Causality,sie,sie,"Monika tröstete Thomas, weil sie nach den Erlebnissen einfühlsam war und die Tränen wischte.",Wer war nach den Erlebnissen einfühlsam? (Monika / Thomas),consoled,StimExp,8.0,34.0,1.45,-74,mitfühlend,1.08,10.0,tröstete,0.77,8.0,50.0,"Monika tröstete Thomas,
weil_sie nach den Erlebnissen einfühlsam_war und die_Tränen wischte.",Wer war nach den Erlebnissen einfühlsam?,Monika,Thomas,sie,er,F,1,NP1,Monika,left,F,F,False,female,male,swapped,NP1-Causality
nonamb,5,17,NP2,NP2-Causality,sie,sie,"Martin tröstete Martina, weil sie nach den Erlebnissen hoffnungslos war und die Freude verlor.",Wer war nach den Erlebnissen hoffnungslos? (Martin / Martina),consoled,StimExp,8.0,34.0,1.45,-74,traumatisiert,1.01,13.0,tröstete,0.77,8.0,50.0,"Martin tröstete Martina,
weil_sie nach den Erlebnissen hoffnungslos_war und die_Freude verlor.",Wer war nach den Erlebnissen hoffnungslos?,Martin,Martina,er,sie,J,1,NP2,Martina,right,J,J,False,male,female,original,NP2-Causality
nonamb,6,17,NP2,NP2-Causality,er,amb,"Martin tröstete Thomas, weil er nach den Erlebnissen hoffnungslos war und die Freude verlor.",Wer war nach den Erlebnissen hoffnungslos? (Martin / Thomas),consoled,StimExp,8.0,34.0,1.45,-74,traumatisiert,1.01,13.0,tröstete,0.77,8.0,50.0,"Martin tröstete Thomas,
weil_er nach den Erlebnissen hoffnungslos_war und die_Freude verlor.",Wer war nach den Erlebnissen hoffnungslos?,Martin,Thomas,er,er,FJ,1,NP2,Thomas,right,J,FJ,True,male,male,both_male,NP2-Causality
nonamb,7,17,NP2,NP2-Causality,sie,amb,"Monika tröstete Martina, weil sie nach den Erlebnissen hoffnungslos war und die Freude verlor.",Wer war nach den Erlebnissen hoffnungslos? (Monika / Martina),consoled,StimExp,8.0,34.0,1.45,-74,traumatisiert,1.01,13.0,tröstete,0.77,8.0,50.0,"Monika tröstete Martina,
weil_sie nach den Erlebnissen hoffnungslos_war und die_Freude verlor.",Wer war nach den Erlebnissen hoffnungslos?,Monika,Martina,sie,sie,FJ,1,NP2,Martina,right,J,FJ,True,female,female,both_female,NP2-Causality
nonamb,8,17,NP2,NP2-Causality,er,er,"Monika tröstete Thomas, weil er nach den Erlebnissen hoffnungslos war und die Freude verlor.",Wer war nach den Erlebnissen hoffnungslos? (Monika / Thomas),consoled,StimExp,8.0,34.0,1.45,-74,traumatisiert,1.01,13.0,tröstete,0.77,8.0,50.0,"Monika tröstete Thomas,
weil_er nach den Erlebnissen hoffnungslos_war und die_Freude verlor.",Wer war nach den Erlebnissen hoffnungslos?,Monika,Thomas,sie,er,J,1,NP2,Thomas,right,J,J,False,female,male,swapped,NP2-Causality
nonamb,1,18,NP2,NP1-Causality,er,er,"Frank verachtete Julia, weil er an dem Abend gekränkt war und das Vertrauen verlor.",Was verlor er? (das Vertrauen / jede Antwort),despised,ExpStim,8.0,23.0,-2.82,-87,vulgär,0.91,6.0,verachtete,0.71,8.0,75.0,"Frank verachtete Julia,
weil_er an dem Abend gekränkt_war und das_Vertrauen verlor.",Was verlor er?,das Vertrauen,jede Antwort,,,F,6,NP1,das Vertrauen,left,F,F,False,male,female,original,NP1-Causality
nonamb,2,18,NP2,NP1-Causality,er,amb,"Frank verachtete Uwe, weil er an dem Abend gekränkt war und das Vertrauen verlor.",Was verlor er? (das Vertrauen / jede Antwort),despised,ExpStim,8.0,23.0,-2.82,-87,vulgär,0.91,6.0,verachtete,0.71,8.0,75.0,"Frank verachtete Uwe,
weil_er an dem Abend gekränkt_war und das_Vertrauen verlor.",Was verlor er?,das Vertrauen,jede Antwort,,,F,6,NP1,das Vertrauen,left,F,F,False,male,male,both_male,NP1-Causality
nonamb,3,18,NP2,NP1-Causality,sie,amb,"Eva verachtete Julia, weil sie an dem Abend gekränkt war und das Vertrauen verlor.",Was verlor sie? (das Vertrauen / jede Antwort),despised,ExpStim,8.0,23.0,-2.82,-87,vulgär,0.91,6.0,verachtete,0.71,8.0,75.0,"Eva verachtete Julia,
weil_sie an dem Abend gekränkt_war und das_Vertrauen verlor.",Was verlor sie?,das Vertrauen,jede Antwort,,,F,6,NP1,das Vertrauen,left,F,F,False,female,female,both_female,NP1-Causality
nonamb,4,18,NP2,NP1-Causality,sie,sie,"Eva verachtete Uwe, weil sie an dem Abend gekränkt war und das Vertrauen verlor.",Was verlor sie? (das Vertrauen / jede Antwort),despised,ExpStim,8.0,23.0,-2.82,-87,vulgär,0.91,6.0,verachtete,0.71,8.0,75.0,"Eva verachtete Uwe,
weil_sie an dem Abend gekränkt_war und das_Vertrauen verlor.",Was verlor sie?,das Vertrauen,jede Antwort,,,F,6,NP1,das Vertrauen,left,F,F,False,female,male,swapped,NP1-Causality
nonamb,5,18,NP2,NP2-Causality,sie,sie,"Frank verachtete Julia, weil sie an dem Abend gemein war und die Kollegen demütigte.",Was demütigte sie? (die Kollegen / jede Antwort),despised,ExpStim,8.0,23.0,-2.82,-87,Anstand,3.01,7.0,verachtete,0.71,8.0,75.0,"Frank verachtete Julia,
weil_sie an dem Abend gemein_war und die_Kollegen demütigte.",Was demütigte sie?,die Kollegen,jede Antwort,,,F,6,NP2,die Kollegen,left,F,F,False,male,female,original,NP2-Causality
nonamb,6,18,NP2,NP2-Causality,er,amb,"Frank verachtete Uwe, weil er an dem Abend gemein war und die Kollegen demütigte.",Was demütigte er? (die Kollegen / jede Antwort),despised,ExpStim,8.0,23.0,-2.82,-87,Anstand,3.01,7.0,verachtete,0.71,8.0,75.0,"Frank verachtete Uwe,
weil_er an dem Abend gemein_war und die_Kollegen demütigte.",Was demütigte er?,die Kollegen,jede Antwort,,,F,6,NP2,die Kollegen,left,F,F,False,male,male,both_male,NP2-Causality
nonamb,7,18,NP2,NP2-Causality,sie,amb,"Eva verachtete Julia, weil sie an dem Abend gemein war und die Kollegen demütigte.",Was demütigte sie? (die Kollegen / jede Antwort),despised,ExpStim,8.0,23.0,-2.82,-87,Anstand,3.01,7.0,verachtete,0.71,8.0,75.0,"Eva verachtete Julia,
weil_sie an dem Abend gemein_war und die_Kollegen demütigte.",Was demütigte sie?,die Kollegen,jede Antwort,,,F,6,NP2,die Kollegen,left,F,F,False,female,female,both_female,NP2-Causality
nonamb,8,18,NP2,NP2-Causality,er,er,"Eva verachtete Uwe, weil er an dem Abend gemein war und die Kollegen demütigte.",Was demütigte er? (die Kollegen / jede Antwort),despised,ExpStim,8.0,23.0,-2.82,-87,Anstand,3.01,7.0,verachtete,0.71,8.0,75.0,"Eva verachtete Uwe,
weil_er an dem Abend gemein_war und die_Kollegen demütigte.",Was demütigte er?,die Kollegen,jede Antwort,,,F,6,NP2,die Kollegen,left,F,F,False,female,male,swapped,NP2-Causality
nonamb,1,19,NP2,NP1-Causality,er,er,"Daniel korrigierte Lena, weil er in der Stunde geschickt war und einen Fehler entdeckte.",Wen korrigierte Daniel? (Lena / Vanessa),corrected,AgP,9.0,37.0,0.91,-74,fachkundig,4.0,10.0,korrigierte,1.04,11.0,68.75,"Daniel korrigierte Lena,
weil_er in der Stunde geschickt_war und einen_Fehler entdeckte.",Wen korrigierte Daniel?,Lena,Vanessa,sie,sie,F,3,NP1,Lena,left,F,F,False,male,female,original,NP1-Causality
nonamb,2,19,NP2,NP1-Causality,er,amb,"Daniel korrigierte Johannes, weil er in der Stunde geschickt war und einen Fehler entdeckte.",Wen korrigierte Daniel? (Johannes / Michael),corrected,AgP,9.0,37.0,0.91,-74,fachkundig,4.0,10.0,korrigierte,1.04,11.0,68.75,"Daniel korrigierte Johannes,
weil_er in der Stunde geschickt_war und einen_Fehler entdeckte.",Wen korrigierte Daniel?,Johannes,Michael,er,er,F,3,NP1,Johannes,left,F,F,False,male,male,both_male,NP1-Causality
nonamb,3,19,NP2,NP1-Causality,sie,amb,"Lisa korrigierte Lena, weil sie in der Stunde geschickt war und einen Fehler entdeckte.",Wen korrigierte Lisa? (Lena / Nina),corrected,AgP,9.0,37.0,0.91,-74,fachkundig,4.0,10.0,korrigierte,1.04,11.0,68.75,"Lisa korrigierte Lena,
weil_sie in der Stunde geschickt_war und einen_Fehler entdeckte.",Wen korrigierte Lisa?,Lena,Nina,sie,sie,F,3,NP1,Lena,left,F,F,False,female,female,both_female,NP1-Causality
nonamb,4,19,NP2,NP1-Causality,sie,sie,"Lisa korrigierte Johannes, weil sie in der Stunde geschickt war und einen Fehler entdeckte.",Wen korrigierte Lisa? (Johannes / Andreas),corrected,AgP,9.0,37.0,0.91,-74,fachkundig,4.0,10.0,korrigierte,1.04,11.0,68.75,"Lisa korrigierte Johannes,
weil_sie in der Stunde geschickt_war und einen_Fehler entdeckte.",Wen korrigierte Lisa?,Johannes,Andreas,er,er,F,3,NP1,Johannes,left,F,F,False,female,male,swapped,NP1-Causality
nonamb,5,19,NP2,NP2-Causality,sie,sie,"Daniel korrigierte Lena, weil sie in der Stunde ungeschickt war und die Fehler produzierte.",Wen korrigierte Daniel? (Lena / Sarah),corrected,AgP,9.0,37.0,0.91,-74,unehrlich,0.77,9.0,korrigierte,1.04,11.0,68.75,"Daniel korrigierte Lena,
weil_sie in der Stunde ungeschickt_war und die_Fehler produzierte.",Wen korrigierte Daniel?,Lena,Sarah,sie,sie,F,3,NP2,Lena,left,F,F,False,male,female,original,NP2-Causality
nonamb,6,19,NP2,NP2-Causality,er,amb,"Daniel korrigierte Johannes, weil er in der Stunde ungeschickt war und die Fehler produzierte.",Wen korrigierte Daniel? (Johannes / Christian),corrected,AgP,9.0,37.0,0.91,-74,unehrlich,0.77,9.0,korrigierte,1.04,11.0,68.75,"Daniel korrigierte Johannes,
weil_er in der Stunde ungeschickt_war und die_Fehler produzierte.",Wen korrigierte Daniel?,Johannes,Christian,er,er,F,3,NP2,Johannes,left,F,F,False,male,male,both_male,NP2-Causality
nonamb,7,19,NP2,NP2-Causality,sie,amb,"Lisa korrigierte Lena, weil sie in der Stunde ungeschickt war und die Fehler produzierte.",Wen korrigierte Lisa? (Lena / Eva),corrected,AgP,9.0,37.0,0.91,-74,unehrlich,0.77,9.0,korrigierte,1.04,11.0,68.75,"Lisa korrigierte Lena,
weil_sie in der Stunde ungeschickt_war und die_Fehler produzierte.",Wen korrigierte Lisa?,Lena,Eva,sie,sie,F,3,NP2,Lena,left,F,F,False,female,female,both_female,NP2-Causality
nonamb,8,19,NP2,NP2-Causality,er,er,"Lisa korrigierte Johannes, weil er in der Stunde ungeschickt war und die Fehler produzierte.",Wen korrigierte Lisa? (Johannes / Sebastian),corrected,AgP,9.0,37.0,0.91,-74,unehrlich,0.77,9.0,korrigierte,1.04,11.0,68.75,"Lisa korrigierte Johannes,
weil_er in der Stunde ungeschickt_war und die_Fehler produzierte.",Wen korrigierte Lisa?,Johannes,Sebastian,er,er,F,3,NP2,Johannes,left,F,F,False,female,male,swapped,NP2-Causality
nonamb,1,20,NP2,NP1-Causality,er,er,"Hans verabscheute Maria, weil er seit vielen Monaten kritisch war und jede Ausrede durchschaute.",Was tat Hans? (verabscheute Maria / langweilte Christian),detested,ExpStim,8.0,10.0,-2.55,-78,friedliebend,0.97,12.0,verabscheute,0.3,12.0,56.25,"Hans verabscheute Maria,
weil_er seit vielen Monaten kritisch_war und jede_Ausrede durchschaute.",Was tat Hans?,verabscheute Maria,langweilte Christian,,,F,4,NP1,verabscheute Maria,left,F,F,False,male,female,original,NP1-Causality
nonamb,2,20,NP2,NP1-Causality,er,amb,"Hans verabscheute Peter, weil er seit vielen Monaten kritisch war und jede Ausrede durchschaute.",Was tat Hans? (verabscheute Peter / erboste Martina),detested,ExpStim,8.0,10.0,-2.55,-78,friedliebend,0.97,12.0,verabscheute,0.3,12.0,56.25,"Hans verabscheute Peter,
weil_er seit vielen Monaten kritisch_war und jede_Ausrede durchschaute.",Was tat Hans?,verabscheute Peter,erboste Martina,,,F,4,NP1,verabscheute Peter,left,F,F,False,male,male,both_male,NP1-Causality
nonamb,3,20,NP2,NP1-Causality,sie,amb,"Daniela verabscheute Maria, weil sie seit vielen Monaten kritisch war und jede Ausrede durchschaute.",Was tat Daniela? (verabscheute Maria / berührte Philipp),detested,ExpStim,8.0,10.0,-2.55,-78,friedliebend,0.97,12.0,verabscheute,0.3,12.0,56.25,"Daniela verabscheute Maria,
weil_sie seit vielen Monaten kritisch_war und jede_Ausrede durchschaute.",Was tat Daniela?,verabscheute Maria,berührte Philipp,,,F,4,NP1,verabscheute Maria,left,F,F,False,female,female,both_female,NP1-Causality
nonamb,4,20,NP2,NP1-Causality,sie,sie,"Daniela verabscheute Peter, weil sie seit vielen Monaten kritisch war und jede Ausrede durchschaute.",Was tat Daniela? (verabscheute Peter / verleumdete Jana),detested,ExpStim,8.0,10.0,-2.55,-78,friedliebend,0.97,12.0,verabscheute,0.3,12.0,56.25,"Daniela verabscheute Peter,
weil_sie seit vielen Monaten kritisch_war und jede_Ausrede durchschaute.",Was tat Daniela?,verabscheute Peter,verleumdete Jana,,,F,4,NP1,verabscheute Peter,left,F,F,False,female,male,swapped,NP1-Causality
nonamb,5,20,NP2,NP2-Causality,sie,sie,"Hans verabscheute Maria, weil sie seit vielen Monaten grausam war und die Menschen verletzte.",Was tat Hans? (verabscheute Maria / respektierte Jonas),detested,ExpStim,8.0,10.0,-2.55,-78,grausam,16.26,7.0,verabscheute,0.3,12.0,56.25,"Hans verabscheute Maria,
weil_sie seit vielen Monaten grausam_war und die_Menschen verletzte.",Was tat Hans?,verabscheute Maria,respektierte Jonas,,,F,4,NP2,verabscheute Maria,left,F,F,False,male,female,original,NP2-Causality
nonamb,6,20,NP2,NP2-Causality,er,amb,"Hans verabscheute Peter, weil er seit vielen Monaten grausam war und die Menschen verletzte.",Was tat Hans? (verabscheute Peter / beschimpfte Klaus),detested,ExpStim,8.0,10.0,-2.55,-78,grausam,16.26,7.0,verabscheute,0.3,12.0,56.25,"Hans verabscheute Peter,
weil_er seit vielen Monaten grausam_war und die_Menschen verletzte.",Was tat Hans?,verabscheute Peter,beschimpfte Klaus,,,F,4,NP2,verabscheute Peter,left,F,F,False,male,male,both_male,NP2-Causality
nonamb,7,20,NP2,NP2-Causality,sie,amb,"Daniela verabscheute Maria, weil sie seit vielen Monaten grausam war und die Menschen verletzte.",Was tat Daniela? (verabscheute Maria / gratulierte Sebastian),detested,ExpStim,8.0,10.0,-2.55,-78,grausam,16.26,7.0,verabscheute,0.3,12.0,56.25,"Daniela verabscheute Maria,
weil_sie seit vielen Monaten grausam_war und die_Menschen verletzte.",Was tat Daniela?,verabscheute Maria,gratulierte Sebastian,,,F,4,NP2,verabscheute Maria,left,F,F,False,female,female,both_female,NP2-Causality
nonamb,8,20,NP2,NP2-Causality,er,er,"Daniela verabscheute Peter, weil er seit vielen Monaten grausam war und die Menschen verletzte.",Was tat Daniela? (verabscheute Peter / enttäuschte Stefan),detested,ExpStim,8.0,10.0,-2.55,-78,grausam,16.26,7.0,verabscheute,0.3,12.0,56.25,"Daniela verabscheute Peter,
weil_er seit vielen Monaten grausam_war und die_Menschen verletzte.",Was tat Daniela?,verabscheute Peter,enttäuschte Stefan,,,F,4,NP2,verabscheute Peter,left,F,F,False,female,male,swapped,NP2-Causality
